<Tileset tilesheet="stages\parallax\tiles.png" tilesize="16">
	<TileProperties>
		<Properties name="block" blocking="true" resistX="0.5" />
	</TileProperties>
	<Tile id="0" name="" properties="Default">
		<Sprite width="16" height="16" tilesheet="stages\parallax\tiles.png">
			<Hotspot x="0" y="0" />
			<Frame x="112" y="64" duration="0" />
		</Sprite>
	</Tile>
	<Tile id="1" name="" properties="Default">
		<Sprite width="16" height="16" tilesheet="stages\parallax\tiles.png">
			<Hotspot x="0" y="0" />
			<Frame x="112" y="48" duration="0" />
		</Sprite>
	</Tile>
	<Tile id="2" name="" properties="block">
		<Sprite width="16" height="16" tilesheet="stages\parallax\tiles.png">
			<Hotspot x="0" y="0" />
			<Frame x="96" y="16" duration="0" />
		</Sprite>
	</Tile>
	<Tile id="3" name="" properties="block">
		<Sprite width="16" height="16" tilesheet="stages\parallax\tiles.png">
			<Hotspot x="0" y="0" />
			<Frame x="112" y="16" duration="0" />
		</Sprite>
	</Tile>
	<Tile id="4" name="" properties="Default">
		<Sprite width="16" height="16" tilesheet="stages\parallax\tiles.png">
			<Hotspot x="0" y="0" />
			<Frame x="80" y="16" duration="0" />
		</Sprite>
	</Tile>
	<Tile id="5" name="" properties="Default">
		<Sprite width="16" height="16" tilesheet="stages\parallax\tiles.png">
			<Hotspot x="0" y="0" />
			<Frame x="48" y="16" duration="0" />
		</Sprite>
	</Tile>
	<Tile id="6" name="" properties="Default">
		<Sprite width="16" height="16" tilesheet="stages\parallax\tiles.png">
			<Hotspot x="0" y="0" />
			<Frame x="64" y="16" duration="0" />
		</Sprite>
	</Tile>
	<Tile id="7" name="" properties="Default">
		<Sprite width="16" height="16" tilesheet="stages\parallax\tiles.png">
			<Hotspot x="0" y="0" />
			<Frame x="0" y="0" duration="0" />
		</Sprite>
	</Tile>
	<Tile id="8" name="" properties="Default">
		<Sprite width="16" height="16" tilesheet="stages\parallax\tiles.png">
			<Hotspot x="0" y="0" />
			<Frame x="16" y="0" duration="0" />
		</Sprite>
	</Tile>
	<Tile id="9" name="" properties="Default">
		<Sprite width="16" height="16" tilesheet="stages\parallax\tiles.png">
			<Hotspot x="0" y="0" />
			<Frame x="32" y="0" duration="0" />
		</Sprite>
	</Tile>
	<Tile id="10" name="" properties="Default">
		<Sprite width="16" height="16" tilesheet="stages\parallax\tiles.png">
			<Hotspot x="0" y="0" />
			<Frame x="48" y="0" duration="0" />
		</Sprite>
	</Tile>
	<Tile id="11" name="" properties="Default">
		<Sprite width="16" height="16" tilesheet="stages\parallax\tiles.png">
			<Hotspot x="0" y="0" />
			<Frame x="64" y="0" duration="0" />
		</Sprite>
	</Tile>
	<Tile id="12" name="" properties="Default">
		<Sprite width="16" height="16" tilesheet="stages\parallax\tiles.png">
			<Hotspot x="0" y="0" />
			<Frame x="80" y="0" duration="0" />
		</Sprite>
	</Tile>
	<Tile id="13" name="" properties="Default">
		<Sprite width="16" height="16" tilesheet="stages\parallax\tiles.png">
			<Hotspot x="0" y="0" />
			<Frame x="96" y="0" duration="0" />
		</Sprite>
	</Tile>
	<Tile id="14" name="" properties="Default">
		<Sprite width="16" height="16" tilesheet="stages\parallax\tiles.png">
			<Hotspot x="0" y="0" />
			<Frame x="112" y="0" duration="0" />
		</Sprite>
	</Tile>
	<Tile id="15" name="" properties="Default">
		<Sprite width="16" height="16" tilesheet="stages\parallax\tiles.png">
			<Hotspot x="0" y="0" />
			<Frame x="0" y="16" duration="0" />
		</Sprite>
	</Tile>
	<Tile id="16" name="" properties="Default">
		<Sprite width="16" height="16" tilesheet="stages\parallax\tiles.png">
			<Hotspot x="0" y="0" />
			<Frame x="16" y="16" duration="0" />
		</Sprite>
	</Tile>
	<Tile id="17" name="" properties="Default">
		<Sprite width="16" height="16" tilesheet="stages\parallax\tiles.png">
			<Hotspot x="0" y="0" />
			<Frame x="0" y="32" duration="0" />
		</Sprite>
	</Tile>
	<Tile id="18" name="" properties="Default">
		<Sprite width="16" height="16" tilesheet="stages\parallax\tiles.png">
			<Hotspot x="0" y="0" />
			<Frame x="16" y="32" duration="0" />
		</Sprite>
	</Tile>
	<Tile id="19" name="" properties="Default">
		<Sprite width="16" height="16" tilesheet="stages\parallax\tiles.png">
			<Hotspot x="0" y="0" />
			<Frame x="32" y="32" duration="0" />
		</Sprite>
	</Tile>
	<Tile id="20" name="" properties="Default">
		<Sprite width="16" height="16" tilesheet="stages\parallax\tiles.png">
			<Hotspot x="0" y="0" />
			<Frame x="48" y="32" duration="0" />
		</Sprite>
	</Tile>
	<Tile id="21" name="" properties="Default">
		<Sprite width="16" height="16" tilesheet="stages\parallax\tiles.png">
			<Hotspot x="0" y="0" />
			<Frame x="0" y="48" duration="0" />
		</Sprite>
	</Tile>
	<Tile id="22" name="" properties="Default">
		<Sprite width="16" height="16" tilesheet="stages\parallax\tiles.png">
			<Hotspot x="0" y="0" />
			<Frame x="16" y="48" duration="0" />
		</Sprite>
	</Tile>
	<Tile id="23" name="" properties="Default">
		<Sprite width="16" height="16" tilesheet="stages\parallax\tiles.png">
			<Hotspot x="0" y="0" />
			<Frame x="32" y="48" duration="0" />
		</Sprite>
	</Tile>
	<Tile id="24" name="" properties="Default">
		<Sprite width="16" height="16" tilesheet="stages\parallax\tiles.png">
			<Hotspot x="0" y="0" />
			<Frame x="48" y="48" duration="0" />
		</Sprite>
	</Tile>
	<Tile id="25" name="" properties="Default">
		<Sprite width="16" height="16" tilesheet="stages\parallax\tiles.png">
			<Hotspot x="0" y="0" />
			<Frame x="0" y="64" duration="0" />
		</Sprite>
	</Tile>
	<Tile id="26" name="" properties="Default">
		<Sprite width="16" height="16" tilesheet="stages\parallax\tiles.png">
			<Hotspot x="0" y="0" />
			<Frame x="16" y="64" duration="0" />
		</Sprite>
	</Tile>
	<Tile id="27" name="" properties="Default">
		<Sprite width="16" height="16" tilesheet="stages\parallax\tiles.png">
			<Hotspot x="0" y="0" />
			<Frame x="32" y="64" duration="0" />
		</Sprite>
	</Tile>
	<Tile id="28" name="" properties="Default">
		<Sprite width="16" height="16" tilesheet="stages\parallax\tiles.png">
			<Hotspot x="0" y="0" />
			<Frame x="48" y="64" duration="0" />
		</Sprite>
	</Tile>
</Tileset>