<Tileset tilesheet="tilesets\cossack3.png" tilesize="16">
	<TileProperties>
		<Properties name="Block" blocking="true" resistX="0.5" />
	</TileProperties>
	<Tile id="0" name="" properties="Block">
		<Sprite width="16" height="16" tilesheet="tilesets\cossack3.png">
			<Hotspot x="0" y="0" />
			<Frame x="0" y="0" duration="2" />
			<Frame x="80" y="0" duration="0" />
		</Sprite>
	</Tile>
	<Tile id="1" name="" properties="Block">
		<Sprite width="16" height="16" tilesheet="tilesets\cossack3.png">
			<Hotspot x="0" y="0" />
			<Frame x="17" y="0" duration="0" />
		</Sprite>
	</Tile>
	<Tile id="2" name="" properties="Block">
		<Sprite width="16" height="16" tilesheet="tilesets\cossack3.png">
			<Hotspot x="0" y="0" />
			<Frame x="34" y="0" duration="0" />
		</Sprite>
	</Tile>
	<Tile id="3" name="" properties="Block">
		<Sprite width="16" height="16" tilesheet="tilesets\cossack3.png">
			<Hotspot x="0" y="0" />
			<Frame x="51" y="0" duration="0" />
		</Sprite>
	</Tile>
	<Tile id="4" name="" properties="Block">
		<Sprite width="16" height="16" tilesheet="tilesets\cossack3.png">
			<Hotspot x="0" y="0" />
			<Frame x="0" y="17" duration="0" />
		</Sprite>
	</Tile>
	<Tile id="5" name="" properties="Block">
		<Sprite width="16" height="16" tilesheet="tilesets\cossack3.png">
			<Hotspot x="0" y="0" />
			<Frame x="17" y="17" duration="0" />
		</Sprite>
	</Tile>
	<Tile id="6" name="" properties="Block">
		<Sprite width="16" height="16" tilesheet="tilesets\cossack3.png">
			<Hotspot x="0" y="0" />
			<Frame x="34" y="17" duration="0" />
		</Sprite>
	</Tile>
	<Tile id="7" name="" properties="Block">
		<Sprite width="16" height="16" tilesheet="tilesets\cossack3.png">
			<Hotspot x="0" y="0" />
			<Frame x="0" y="34" duration="0" />
		</Sprite>
	</Tile>
	<Tile id="8" name="" properties="Block">
		<Sprite width="16" height="16" tilesheet="tilesets\cossack3.png">
			<Hotspot x="0" y="0" />
			<Frame x="0" y="51" duration="0" />
		</Sprite>
	</Tile>
	<Tile id="9" name="" properties="Block">
		<Sprite width="16" height="16" tilesheet="tilesets\cossack3.png">
			<Hotspot x="0" y="0" />
			<Frame x="0" y="68" duration="0" />
		</Sprite>
	</Tile>
	<Tile id="10" name="" properties="Block">
		<Sprite width="16" height="16" tilesheet="tilesets\cossack3.png">
			<Hotspot x="0" y="0" />
			<Frame x="17" y="34" duration="0" />
		</Sprite>
	</Tile>
	<Tile id="11" name="" properties="Block">
		<Sprite width="16" height="16" tilesheet="tilesets\cossack3.png">
			<Hotspot x="0" y="0" />
			<Frame x="34" y="34" duration="0" />
		</Sprite>
	</Tile>
	<Tile id="12" name="" properties="Block">
		<Sprite width="16" height="16" tilesheet="tilesets\cossack3.png">
			<Hotspot x="0" y="0" />
			<Frame x="17" y="51" duration="0" />
		</Sprite>
	</Tile>
	<Tile id="13" name="" properties="Block">
		<Sprite width="16" height="16" tilesheet="tilesets\cossack3.png">
			<Hotspot x="0" y="0" />
			<Frame x="34" y="51" duration="0" />
		</Sprite>
	</Tile>
	<Tile id="14" name="" properties="Default">
		<Sprite width="16" height="16" tilesheet="tilesets\cossack3.png">
			<Hotspot x="0" y="0" />
			<Frame x="0" y="238" duration="0" />
		</Sprite>
	</Tile>
	<Tile id="15" name="" properties="Default">
		<Sprite width="16" height="16" tilesheet="tilesets\cossack3.png">
			<Hotspot x="0" y="0" />
			<Frame x="0" y="119" duration="0" />
		</Sprite>
	</Tile>
	<Tile id="16" name="" properties="Default">
		<Sprite width="16" height="16" tilesheet="tilesets\cossack3.png">
			<Hotspot x="0" y="0" />
			<Frame x="119" y="119" duration="0" />
		</Sprite>
	</Tile>
	<Tile id="17" name="" properties="Default">
		<Sprite width="16" height="16" tilesheet="tilesets\cossack3.png">
			<Hotspot x="0" y="0" />
			<Frame x="136" y="119" duration="0" />
		</Sprite>
	</Tile>
	<Tile id="18" name="" properties="Default">
		<Sprite width="16" height="16" tilesheet="tilesets\cossack3.png">
			<Hotspot x="0" y="0" />
			<Frame x="119" y="136" duration="0" />
		</Sprite>
	</Tile>
	<Tile id="19" name="" properties="Default">
		<Sprite width="16" height="16" tilesheet="tilesets\cossack3.png">
			<Hotspot x="0" y="0" />
			<Frame x="136" y="136" duration="0" />
		</Sprite>
	</Tile>
	<Tile id="20" name="" properties="Default">
		<Sprite width="16" height="16" tilesheet="tilesets\cossack3.png">
			<Hotspot x="0" y="0" />
			<Frame x="119" y="153" duration="0" />
		</Sprite>
	</Tile>
	<Tile id="21" name="" properties="Default">
		<Sprite width="16" height="16" tilesheet="tilesets\cossack3.png">
			<Hotspot x="0" y="0" />
			<Frame x="136" y="153" duration="0" />
		</Sprite>
	</Tile>
	<Tile id="22" name="" properties="Default">
		<Sprite width="16" height="16" tilesheet="tilesets\cossack3.png">
			<Hotspot x="0" y="0" />
			<Frame x="102" y="170" duration="0" />
		</Sprite>
	</Tile>
	<Tile id="23" name="" properties="Default">
		<Sprite width="16" height="16" tilesheet="tilesets\cossack3.png">
			<Hotspot x="0" y="0" />
			<Frame x="119" y="170" duration="0" />
		</Sprite>
	</Tile>
	<Tile id="24" name="" properties="Default">
		<Sprite width="16" height="16" tilesheet="tilesets\cossack3.png">
			<Hotspot x="0" y="0" />
			<Frame x="136" y="170" duration="0" />
		</Sprite>
	</Tile>
	<Tile id="25" name="" properties="Default">
		<Sprite width="16" height="16" tilesheet="tilesets\cossack3.png">
			<Hotspot x="0" y="0" />
			<Frame x="153" y="170" duration="0" />
		</Sprite>
	</Tile>
	<Tile id="26" name="" properties="Default">
		<Sprite width="16" height="16" tilesheet="tilesets\cossack3.png">
			<Hotspot x="0" y="0" />
			<Frame x="68" y="170" duration="0" />
		</Sprite>
	</Tile>
	<Tile id="27" name="" properties="Default">
		<Sprite width="16" height="16" tilesheet="tilesets\cossack3.png">
			<Hotspot x="0" y="0" />
			<Frame x="85" y="170" duration="0" />
		</Sprite>
	</Tile>
	<Tile id="28" name="" properties="Default">
		<Sprite width="16" height="16" tilesheet="tilesets\cossack3.png">
			<Hotspot x="0" y="0" />
			<Frame x="170" y="153" duration="0" />
		</Sprite>
	</Tile>
	<Tile id="29" name="" properties="Default">
		<Sprite width="16" height="16" tilesheet="tilesets\cossack3.png">
			<Hotspot x="0" y="0" />
			<Frame x="170" y="170" duration="0" />
		</Sprite>
	</Tile>
	<Tile id="30" name="" properties="Default">
		<Sprite width="16" height="16" tilesheet="tilesets\cossack3.png">
			<Hotspot x="0" y="0" />
			<Frame x="187" y="170" duration="0" />
		</Sprite>
	</Tile>
	<Tile id="31" name="" properties="Default">
		<Sprite width="16" height="16" tilesheet="tilesets\cossack3.png">
			<Hotspot x="0" y="0" />
			<Frame x="204" y="170" duration="0" />
		</Sprite>
	</Tile>
	<Tile id="32" name="" properties="Default">
		<Sprite width="16" height="16" tilesheet="tilesets\cossack3.png">
			<Hotspot x="0" y="0" />
			<Frame x="51" y="187" duration="0" />
		</Sprite>
	</Tile>
	<Tile id="33" name="" properties="Default">
		<Sprite width="16" height="16" tilesheet="tilesets\cossack3.png">
			<Hotspot x="0" y="0" />
			<Frame x="68" y="187" duration="0" />
		</Sprite>
	</Tile>
	<Tile id="34" name="" properties="Default">
		<Sprite width="16" height="16" tilesheet="tilesets\cossack3.png">
			<Hotspot x="0" y="0" />
			<Frame x="85" y="187" duration="0" />
		</Sprite>
	</Tile>
	<Tile id="35" name="" properties="Default">
		<Sprite width="16" height="16" tilesheet="tilesets\cossack3.png">
			<Hotspot x="0" y="0" />
			<Frame x="51" y="238" duration="0" />
		</Sprite>
	</Tile>
	<Tile id="36" name="" properties="Default">
		<Sprite width="16" height="16" tilesheet="tilesets\cossack3.png">
			<Hotspot x="0" y="0" />
			<Frame x="170" y="187" duration="0" />
		</Sprite>
	</Tile>
	<Tile id="37" name="" properties="Default">
		<Sprite width="16" height="16" tilesheet="tilesets\cossack3.png">
			<Hotspot x="0" y="0" />
			<Frame x="187" y="187" duration="0" />
		</Sprite>
	</Tile>
	<Tile id="38" name="" properties="Default">
		<Sprite width="16" height="16" tilesheet="tilesets\cossack3.png">
			<Hotspot x="0" y="0" />
			<Frame x="221" y="187" duration="0" />
		</Sprite>
	</Tile>
	<Tile id="39" name="" properties="Default">
		<Sprite width="16" height="16" tilesheet="tilesets\cossack3.png">
			<Hotspot x="0" y="0" />
			<Frame x="238" y="187" duration="0" />
		</Sprite>
	</Tile>
	<Tile id="40" name="" properties="Default">
		<Sprite width="16" height="16" tilesheet="tilesets\cossack3.png">
			<Hotspot x="0" y="0" />
			<Frame x="34" y="187" duration="0" />
		</Sprite>
	</Tile>
	<Tile id="41" name="" properties="Default">
		<Sprite width="16" height="16" tilesheet="tilesets\cossack3.png">
			<Hotspot x="0" y="0" />
			<Frame x="34" y="204" duration="0" />
		</Sprite>
	</Tile>
	<Tile id="42" name="" properties="Default">
		<Sprite width="16" height="16" tilesheet="tilesets\cossack3.png">
			<Hotspot x="0" y="0" />
			<Frame x="51" y="204" duration="0" />
		</Sprite>
	</Tile>
	<Tile id="43" name="" properties="Default">
		<Sprite width="16" height="16" tilesheet="tilesets\cossack3.png">
			<Hotspot x="0" y="0" />
			<Frame x="187" y="204" duration="0" />
		</Sprite>
	</Tile>
	<Tile id="44" name="" properties="Default">
		<Sprite width="16" height="16" tilesheet="tilesets\cossack3.png">
			<Hotspot x="0" y="0" />
			<Frame x="238" y="204" duration="0" />
		</Sprite>
	</Tile>
	<Tile id="45" name="" properties="Default">
		<Sprite width="16" height="16" tilesheet="tilesets\cossack3.png">
			<Hotspot x="0" y="0" />
			<Frame x="255" y="204" duration="0" />
		</Sprite>
	</Tile>
	<Tile id="46" name="" properties="Default">
		<Sprite width="16" height="16" tilesheet="tilesets\cossack3.png">
			<Hotspot x="0" y="0" />
			<Frame x="17" y="221" duration="0" />
		</Sprite>
	</Tile>
	<Tile id="47" name="" properties="Default">
		<Sprite width="16" height="16" tilesheet="tilesets\cossack3.png">
			<Hotspot x="0" y="0" />
			<Frame x="34" y="221" duration="0" />
		</Sprite>
	</Tile>
	<Tile id="48" name="" properties="Default">
		<Sprite width="16" height="16" tilesheet="tilesets\cossack3.png">
			<Hotspot x="0" y="0" />
			<Frame x="187" y="221" duration="0" />
		</Sprite>
	</Tile>
	<Tile id="49" name="" properties="Default">
		<Sprite width="16" height="16" tilesheet="tilesets\cossack3.png">
			<Hotspot x="0" y="0" />
			<Frame x="238" y="221" duration="0" />
		</Sprite>
	</Tile>
	<Tile id="50" name="" properties="Default">
		<Sprite width="16" height="16" tilesheet="tilesets\cossack3.png">
			<Hotspot x="0" y="0" />
			<Frame x="255" y="221" duration="0" />
		</Sprite>
	</Tile>
	<Tile id="51" name="" properties="Default">
		<Sprite width="16" height="16" tilesheet="tilesets\cossack3.png">
			<Hotspot x="0" y="0" />
			<Frame x="17" y="238" duration="0" />
		</Sprite>
	</Tile>
	<Tile id="52" name="" properties="Default">
		<Sprite width="16" height="16" tilesheet="tilesets\cossack3.png">
			<Hotspot x="0" y="0" />
			<Frame x="34" y="238" duration="0" />
		</Sprite>
	</Tile>
	<Tile id="53" name="" properties="Default">
		<Sprite width="16" height="16" tilesheet="tilesets\cossack3.png">
			<Hotspot x="0" y="0" />
			<Frame x="187" y="238" duration="0" />
		</Sprite>
	</Tile>
	<Tile id="54" name="" properties="Default">
		<Sprite width="16" height="16" tilesheet="tilesets\cossack3.png">
			<Hotspot x="0" y="0" />
			<Frame x="255" y="238" duration="0" />
		</Sprite>
	</Tile>
	<Tile id="55" name="" properties="Default">
		<Sprite width="16" height="16" tilesheet="tilesets\cossack3.png">
			<Hotspot x="0" y="0" />
			<Frame x="0" y="255" duration="0" />
		</Sprite>
	</Tile>
	<Tile id="56" name="" properties="Default">
		<Sprite width="16" height="16" tilesheet="tilesets\cossack3.png">
			<Hotspot x="0" y="0" />
			<Frame x="17" y="255" duration="0" />
		</Sprite>
	</Tile>
	<Tile id="57" name="" properties="Default">
		<Sprite width="16" height="16" tilesheet="tilesets\cossack3.png">
			<Hotspot x="0" y="0" />
			<Frame x="34" y="255" duration="0" />
		</Sprite>
	</Tile>
	<Tile id="58" name="" properties="Default">
		<Sprite width="16" height="16" tilesheet="tilesets\cossack3.png">
			<Hotspot x="0" y="0" />
			<Frame x="51" y="255" duration="0" />
		</Sprite>
	</Tile>
	<Tile id="59" name="" properties="Default">
		<Sprite width="16" height="16" tilesheet="tilesets\cossack3.png">
			<Hotspot x="0" y="0" />
			<Frame x="68" y="255" duration="0" />
		</Sprite>
	</Tile>
	<Tile id="60" name="" properties="Default">
		<Sprite width="16" height="16" tilesheet="tilesets\cossack3.png">
			<Hotspot x="0" y="0" />
			<Frame x="170" y="255" duration="0" />
		</Sprite>
	</Tile>
	<Tile id="61" name="" properties="Default">
		<Sprite width="16" height="16" tilesheet="tilesets\cossack3.png">
			<Hotspot x="0" y="0" />
			<Frame x="187" y="255" duration="0" />
		</Sprite>
	</Tile>
	<Tile id="62" name="" properties="Default">
		<Sprite width="16" height="16" tilesheet="tilesets\cossack3.png">
			<Hotspot x="0" y="0" />
			<Frame x="204" y="255" duration="0" />
		</Sprite>
	</Tile>
	<Tile id="63" name="" properties="Default">
		<Sprite width="16" height="16" tilesheet="tilesets\cossack3.png">
			<Hotspot x="0" y="0" />
			<Frame x="221" y="255" duration="0" />
		</Sprite>
	</Tile>
	<Tile id="64" name="" properties="Default">
		<Sprite width="16" height="16" tilesheet="tilesets\cossack3.png">
			<Hotspot x="0" y="0" />
			<Frame x="255" y="255" duration="0" />
		</Sprite>
	</Tile>
	<Tile id="65" name="" properties="Default">
		<Sprite width="16" height="16" tilesheet="tilesets\cossack3.png">
			<Hotspot x="0" y="0" />
			<Frame x="272" y="255" duration="0" />
		</Sprite>
	</Tile>
	<Tile id="66" name="" properties="Default">
		<Sprite width="16" height="16" tilesheet="tilesets\cossack3.png">
			<Hotspot x="0" y="0" />
			<Frame x="102" y="187" duration="0" />
		</Sprite>
	</Tile>
	<Tile id="67" name="" properties="Default">
		<Sprite width="16" height="16" tilesheet="tilesets\cossack3.png">
			<Hotspot x="0" y="0" />
			<Frame x="119" y="187" duration="16" />
			<Frame x="119" y="221" duration="16" />
			<Frame x="119" y="272" duration="16" />
		</Sprite>
	</Tile>
	<Tile id="68" name="" properties="Default">
		<Sprite width="16" height="16" tilesheet="tilesets\cossack3.png">
			<Hotspot x="0" y="0" />
			<Frame x="153" y="187" duration="16" />
			<Frame x="68" y="238" duration="16" />
			<Frame x="102" y="255" duration="16" />
		</Sprite>
	</Tile>
	<Tile id="69" name="" properties="Default">
		<Sprite width="16" height="16" tilesheet="tilesets\cossack3.png">
			<Hotspot x="0" y="0" />
			<Frame x="68" y="204" duration="16" />
			<Frame x="85" y="238" duration="16" />
			<Frame x="136" y="272" duration="16" />
		</Sprite>
	</Tile>
	<Tile id="70" name="" properties="Default">
		<Sprite width="16" height="16" tilesheet="tilesets\cossack3.png">
			<Hotspot x="0" y="0" />
			<Frame x="85" y="204" duration="16" />
			<Frame x="102" y="238" duration="16" />
			<Frame x="153" y="272" duration="16" />
		</Sprite>
	</Tile>
	<Tile id="71" name="" properties="Default">
		<Sprite width="16" height="16" tilesheet="tilesets\cossack3.png">
			<Hotspot x="0" y="0" />
			<Frame x="102" y="204" duration="16" />
			<Frame x="119" y="238" duration="16" />
			<Frame x="170" y="272" duration="16" />
		</Sprite>
	</Tile>
	<Tile id="72" name="" properties="Default">
		<Sprite width="16" height="16" tilesheet="tilesets\cossack3.png">
			<Hotspot x="0" y="0" />
			<Frame x="119" y="204" duration="16" />
			<Frame x="34" y="272" duration="16" />
			<Frame x="204" y="272" duration="16" />
		</Sprite>
	</Tile>
	<Tile id="73" name="" properties="Default">
		<Sprite width="16" height="16" tilesheet="tilesets\cossack3.png">
			<Hotspot x="0" y="0" />
			<Frame x="51" y="221" duration="16" />
			<Frame x="51" y="272" duration="16" />
			<Frame x="221" y="272" duration="16" />
		</Sprite>
	</Tile>
	<Tile id="74" name="" properties="Default">
		<Sprite width="16" height="16" tilesheet="tilesets\cossack3.png">
			<Hotspot x="0" y="0" />
			<Frame x="68" y="221" duration="16" />
			<Frame x="68" y="272" duration="16" />
			<Frame x="238" y="272" duration="16" />
		</Sprite>
	</Tile>
	<Tile id="75" name="" properties="Default">
		<Sprite width="16" height="16" tilesheet="tilesets\cossack3.png">
			<Hotspot x="0" y="0" />
			<Frame x="85" y="221" duration="16" />
			<Frame x="85" y="272" duration="16" />
			<Frame x="255" y="272" duration="16" />
		</Sprite>
	</Tile>
	<Tile id="76" name="" properties="Default">
		<Sprite width="16" height="16" tilesheet="tilesets\cossack3.png">
			<Hotspot x="0" y="0" />
			<Frame x="102" y="221" duration="16" />
			<Frame x="102" y="272" duration="16" />
			<Frame x="272" y="272" duration="16" />
		</Sprite>
	</Tile>
	<Tile id="77" name="" properties="Default">
		<Sprite width="16" height="16" tilesheet="tilesets\cossack3.png">
			<Hotspot x="0" y="0" />
			<Frame x="102" y="187" duration="16" />
			<Frame x="85" y="255" duration="16" />
			<Frame x="187" y="272" duration="16" />
		</Sprite>
	</Tile>
</Tileset>