<Entities>
	<Entity name="SmallHealth">
		<Collision>
			<Hitbox name="H" x="-4" y="-4" width="8" height="8" damage="-2">
				<Hits>Player</Hits><Group>Item</Group>
			</Hitbox>
		</Collision>
		<Tilesheet>images\items.png</Tilesheet>
		<Sprite name="normal" width="8" height="8">
			<Hotspot x="4" y="4" />
			<Frame x="0" y="12" duration="8" />
			<Frame x="8" y="12" duration="8" />
		</Sprite>
		<State name="Start">
			<Position>
				<X base="Inherit" />
				<Y base="Inherit" />
			</Position>
			<Movement>
				<Flying>False</Flying>
			</Movement>
			<Collision><EnableBox name="H" /></Collision>
			<Trigger>
				<Condition>StateTime>=480</Condition>
				<Effect><State>Flash</State></Effect>
			</Trigger>
		</State>
		<State name="Flash">
			<Timer><Start>Vanish</Start></Timer>
			<Trigger>
				<Condition>Timer.Value("Vanish") >= 2</Condition>
				<Effect><Sprite><Visible>False</Visible></Sprite></Effect>
			</Trigger>
			<Trigger>
				<Condition>Timer.Value("Vanish") >= 4</Condition>
				<Effect>
					<Sprite><Visible>True</Visible></Sprite>
					<Timer><Reset>Vanish</Reset></Timer>
				</Effect>
			</Trigger>
			<Trigger>
				<Condition>StateTime>=120</Condition>
				<Effect><Remove/></Effect>
			</Trigger>
		</State>
		<Trigger>
			<Condition>Collision.TouchedBy("Player")</Condition>
			<Effect><Remove /></Effect>
		</Trigger>
	</Entity>

	<Entity name="BigHealth">
		<Collision>
			<Hitbox name="H" x="-8" y="-8" width="16" height="16" damage="-10">
				<Hits>Player</Hits><Group>Item</Group>
			</Hitbox>
		</Collision>
		<Tilesheet>images\items.png</Tilesheet>
		<Sprite name="normal" width="16" height="16">
			<Hotspot x="8" y="8" />
			<Frame x="16" y="12" duration="8" />
			<Frame x="32" y="12" duration="8" />
		</Sprite>
		<State name="Start">
			<Position>
				<X base="Inherit" />
				<Y base="Inherit" />
			</Position>
			<Movement>
				<Flying>False</Flying>
			</Movement>
			<Collision><EnableBox name="H" /></Collision>
			<Trigger>
				<Condition>StateTime>=480</Condition>
				<Effect><State>Flash</State></Effect>
			</Trigger>
		</State>
		<State name="Flash">
			<Timer><Start>Vanish</Start></Timer>
			<Trigger>
				<Condition>Timer.Value("Vanish") >= 2</Condition>
				<Effect><Sprite><Visible>False</Visible></Sprite></Effect>
			</Trigger>
			<Trigger>
				<Condition>Timer.Value("Vanish") >= 4</Condition>
				<Effect>
					<Sprite><Visible>True</Visible></Sprite>
					<Timer><Reset>Vanish</Reset></Timer>
				</Effect>
			</Trigger>
			<Trigger>
				<Condition>StateTime>=120</Condition>
				<Effect><Remove/></Effect>
			</Trigger>
		</State>
		<Trigger>
			<Condition>Collision.TouchedBy("Player")</Condition>
			<Effect><Remove /></Effect>
		</Trigger>
	</Entity>

	<Entity name="SmallWeapon">
		<Collision>
			<Hitbox name="H" x="-4" y="-4" width="8" height="8">
				<Hits>Player</Hits><Group>Item</Group><Group>SmallWeapon</Group>
			</Hitbox>
		</Collision>
		<Tilesheet pallete="Default">images\items.png</Tilesheet>
		<Sprite name="normal" palette="MegaMan" width="8" height="8">
			<Hotspot x="4" y="4" />
			<Frame x="0" y="0" duration="8" />
			<Frame x="8" y="0" duration="8" />
		</Sprite>
		<State name="Start">
			<Position>
				<X base="Inherit" />
				<Y base="Inherit" />
			</Position>
			<Movement>
				<Blocking>True</Blocking>
				<Flying>False</Flying>
			</Movement>
			<Collision><EnableBox name="H" /></Collision>
			<Trigger>
				<Condition>StateTime>=480</Condition>
				<Effect><State>Flash</State></Effect>
			</Trigger>
		</State>
		<State name="Flash">
			<Timer><Start>Vanish</Start></Timer>
			<Trigger>
				<Condition>Timer.Value("Vanish") >= 2</Condition>
				<Effect><Sprite><Visible>False</Visible></Sprite></Effect>
			</Trigger>
			<Trigger>
				<Condition>Timer.Value("Vanish") >= 4</Condition>
				<Effect>
					<Sprite><Visible>True</Visible></Sprite>
					<Timer><Reset>Vanish</Reset></Timer>
				</Effect>
			</Trigger>
			<Trigger>
				<Condition>StateTime>=120</Condition>
				<Effect><Remove/></Effect>
			</Trigger>
		</State>
		<Trigger>
			<Condition>Collision.TouchedBy("Player")</Condition>
			<Effect><Remove /></Effect>
		</Trigger>
	</Entity>

	<Entity name="BigWeapon">
		<Collision>
			<Hitbox name="H" x="-8" y="-6" width="16" height="12">
				<Hits>Player</Hits><Group>Item</Group><Group>BigWeapon</Group>
			</Hitbox>
		</Collision>
		<Tilesheet>images\items.png</Tilesheet>
		<Sprite name="normal" palette="MegaMan" width="16" height="12">
			<Hotspot x="8" y="6" />
			<Frame x="16" y="0" duration="8" />
			<Frame x="32" y="0" duration="8" />
		</Sprite>
		<State name="Start">
			<Position>
				<X base="Inherit" />
				<Y base="Inherit" />
			</Position>
			<Movement>
				<Blocking>True</Blocking>
				<Flying>False</Flying>
			</Movement>
			<Collision><EnableBox name="H" /></Collision>
			<Trigger>
				<Condition>StateTime>=480</Condition>
				<Effect><State>Flash</State></Effect>
			</Trigger>
		</State>
		<State name="Flash">
			<Timer><Start>Vanish</Start></Timer>
			<Trigger>
				<Condition>Timer.Value("Vanish") >= 2</Condition>
				<Effect><Sprite><Visible>False</Visible></Sprite></Effect>
			</Trigger>
			<Trigger>
				<Condition>Timer.Value("Vanish") >= 4</Condition>
				<Effect>
					<Sprite><Visible>True</Visible></Sprite>
					<Timer><Reset>Vanish</Reset></Timer>
				</Effect>
			</Trigger>
			<Trigger>
				<Condition>StateTime>=120</Condition>
				<Effect><Remove/></Effect>
			</Trigger>
		</State>
		<Trigger>
			<Condition>Collision.TouchedBy("Player")</Condition>
			<Effect><Remove /></Effect>
		</Trigger>
	</Entity>

	<Entity name="ExtraLife">
		<Collision>
			<Hitbox name="H" x="-8" y="-8" width="16" height="15">
				<Hits>Player</Hits><Group>Item</Group>
			</Hitbox>
		</Collision>
		<Tilesheet>images\items.png</Tilesheet>
		<Sprite name="normal" palette="MegaMan" width="16" height="15">
			<Hotspot x="8" y="8" />
			<Frame x="48" y="0" duration="0" />
		</Sprite>
		<State name="Start">
			<Position>
				<X base="Inherit" />
				<Y base="Inherit" />
			</Position>
			<Movement>
				<Blocking>True</Blocking>
				<Flying>False</Flying>
			</Movement>
			<Collision><EnableBox name="H" /></Collision>
			<Trigger>
				<Condition>StateTime>=480</Condition>
				<Effect><State>Flash</State></Effect>
			</Trigger>
		</State>
		<State name="Flash">
			<Timer><Start>Vanish</Start></Timer>
			<Trigger>
				<Condition>Timer.Value("Vanish") >= 2</Condition>
				<Effect><Sprite><Visible>False</Visible></Sprite></Effect>
			</Trigger>
			<Trigger>
				<Condition>Timer.Value("Vanish") >= 4</Condition>
				<Effect>
					<Sprite><Visible>True</Visible></Sprite>
					<Timer><Reset>Vanish</Reset></Timer>
				</Effect>
			</Trigger>
			<Trigger>
				<Condition>StateTime>=120</Condition>
				<Effect><Remove/></Effect>
			</Trigger>
		</State>
		<Trigger>
			<Condition>Collision.TouchedBy("Player")</Condition>
			<Effect><Lives add="1" /><Sound name="Life" /><Remove /></Effect>
		</Trigger>
  </Entity>

  <Entity name="EnergyTank">
		<Collision>
			<Hitbox name="H" x="-8" y="-8" width="16" height="16">
				<Hits>Player</Hits><Group>Item</Group>
			</Hitbox>
		</Collision>
		<Tilesheet>images\items.png</Tilesheet>
		<Sprite name="normal" palette="MegaMan" width="16" height="16">
			<Hotspot x="8" y="8" />
			<Frame x="64" y="0" duration="8" />
			<Frame x="80" y="0" duration="8" />
		</Sprite>
		<State name="Start">
			<Position>
				<X base="Inherit" />
				<Y base="Inherit" />
			</Position>
			<Movement>
				<Blocking>True</Blocking>
				<Flying>False</Flying>
			</Movement>
			<Collision><EnableBox name="H" /></Collision>
		</State>
		<Trigger>
			<Condition>Collision.TouchedBy("Player")</Condition>
			<Effect><AddInventory item="EnergyTank" quantity="1" /><Sound name="Life" /><Remove /></Effect>
		</Trigger>
  </Entity>

  <Entity name="SmallBolt">
		<Collision>
			<Hitbox name="H" x="-4" y="-4" width="8" height="8">
				<Hits>Player</Hits><Group>Item</Group>
			</Hitbox>
		</Collision>
		<Tilesheet>images\items.png</Tilesheet>
		<Sprite width="8" height="8">
			<Hotspot x="4" y="4" />
			<Frame x="64" y="16" duration="0" />
		</Sprite>
		<State name="Start">
			<Position>
				<X base="Inherit" />
				<Y base="Inherit" />
			</Position>
			<Movement>
				<Blocking>True</Blocking>
				<Flying>False</Flying>
			</Movement>
			<Collision><EnableBox name="H" /></Collision>
		</State>
		<Trigger>
			<Condition>Collision.TouchedBy("Player")</Condition>
			<Effect><AddInventory item="Bolts" quantity="2" /><Sound name="Bolt" /><Remove /></Effect>
		</Trigger>
  </Entity>

  <Entity name="LargeBolt">
		<Collision>
			<Hitbox name="H" x="-8" y="-6" width="16" height="12">
				<Hits>Player</Hits><Group>Item</Group>
			</Hitbox>
		</Collision>
		<Tilesheet>images\items.png</Tilesheet>
		<Sprite width="16" height="12">
			<Hotspot x="8" y="6" />
			<Frame x="48" y="16" duration="0" />
		</Sprite>
		<State name="Start">
			<Position>
				<X base="Inherit" />
				<Y base="Inherit" />
			</Position>
			<Movement>
				<Blocking>True</Blocking>
				<Flying>False</Flying>
			</Movement>
			<Collision><EnableBox name="H" /></Collision>
		</State>
		<Trigger>
			<Condition>Collision.TouchedBy("Player")</Condition>
			<Effect><AddInventory item="Bolts" quantity="20" /><Remove /></Effect>
		</Trigger>
  </Entity>
</Entities>