<Tileset tilesheet="stages\demo\tiles.png" tilesize="16">
	<TileProperties>
		<Properties name="Block" blocking="true" resistX="0.5" />
		<Properties name="Spike" blocking="true" lethal="true" />
		<Properties name="Ladder" climbable="true" resistX="0.5" />
		<Properties name="Water" gravitymult="0.4" />
		<Properties name="New Properties" />
	</TileProperties>
	<Tile id="0" name="" properties="Default">
		<Sprite width="16" height="16" tilesheet="stages\demo\tiles.png">
			<Hotspot x="0" y="0" />
			<Frame x="32" y="48" duration="0" />
		</Sprite>
	</Tile>
	<Tile id="1" name="" properties="Block">
		<Sprite width="16" height="16" tilesheet="stages\demo\tiles.png">
			<Hotspot x="0" y="0" />
			<Frame x="64" y="0" duration="0" />
		</Sprite>
	</Tile>
</Tileset>