<Tileset tilesheet="stages\demo\tiles.png" tilesize="16">
	<TileProperties>
		<Properties name="block" blocking="true" resistX="0.5" />
		<Properties name="conveyleft" blocking="true" pushX="-0.1" resistX="0.5" />
		<Properties name="water" gravitymult="0.4" onenter="Splash" onleave="Splash" onover="Bubble" />
		<Properties name="ladder" climbable="true" resistX="0.5" />
		<Properties name="spikes" blocking="true" lethal="true" />
	</TileProperties>
	<Tile id="0" name="" properties="block">
		<Sprite width="16" height="16" tilesheet="stages\demo\tiles.png">
			<Hotspot x="0" y="0" />
			<Frame x="0" y="0" duration="0" />
		</Sprite>
	</Tile>
	<Tile id="1" name="" properties="block">
		<Sprite width="16" height="16" tilesheet="stages\demo\tiles.png">
			<Hotspot x="0" y="0" />
			<Frame x="16" y="0" duration="0" />
		</Sprite>
	</Tile>
	<Tile id="2" name="" properties="block">
		<Sprite width="16" height="16" tilesheet="stages\demo\tiles.png">
			<Hotspot x="0" y="0" />
			<Frame x="32" y="0" duration="0" />
		</Sprite>
	</Tile>
	<Tile id="3" name="" properties="block">
		<Sprite width="16" height="16" tilesheet="stages\demo\tiles.png">
			<Hotspot x="0" y="0" />
			<Frame x="48" y="0" duration="0" />
		</Sprite>
	</Tile>
	<Tile id="4" name="" properties="block">
		<Sprite width="16" height="16" tilesheet="stages\demo\tiles.png">
			<Hotspot x="0" y="0" />
			<Frame x="64" y="0" duration="0" />
		</Sprite>
	</Tile>
	<Tile id="5" name="" properties="block">
		<Sprite width="16" height="16" tilesheet="stages\demo\tiles.png">
			<Hotspot x="0" y="0" />
			<Frame x="80" y="0" duration="0" />
		</Sprite>
	</Tile>
	<Tile id="6" name="" properties="block">
		<Sprite width="16" height="16" tilesheet="stages\demo\tiles.png">
			<Hotspot x="0" y="0" />
			<Frame x="96" y="0" duration="0" />
		</Sprite>
	</Tile>
	<Tile id="7" name="" properties="block">
		<Sprite width="16" height="16" tilesheet="stages\demo\tiles.png">
			<Hotspot x="0" y="0" />
			<Frame x="112" y="0" duration="0" />
		</Sprite>
	</Tile>
	<Tile id="8" name="" properties="block">
		<Sprite width="16" height="16" tilesheet="stages\demo\tiles.png">
			<Hotspot x="0" y="0" />
			<Frame x="128" y="0" duration="0" />
		</Sprite>
	</Tile>
	<Tile id="9" name="" properties="block">
		<Sprite width="16" height="16" tilesheet="stages\demo\tiles.png">
			<Hotspot x="0" y="0" />
			<Frame x="144" y="0" duration="0" />
		</Sprite>
	</Tile>
	<Tile id="10" name="" properties="block">
		<Sprite width="16" height="16" tilesheet="stages\demo\tiles.png">
			<Hotspot x="0" y="0" />
			<Frame x="160" y="0" duration="0" />
		</Sprite>
	</Tile>
	<Tile id="11" name="" properties="block">
		<Sprite width="16" height="16" tilesheet="stages\demo\tiles.png">
			<Hotspot x="0" y="0" />
			<Frame x="0" y="16" duration="0" />
		</Sprite>
	</Tile>
	<Tile id="12" name="" properties="block">
		<Sprite width="16" height="16" tilesheet="stages\demo\tiles.png">
			<Hotspot x="0" y="0" />
			<Frame x="16" y="16" duration="0" />
		</Sprite>
	</Tile>
	<Tile id="13" name="" properties="block">
		<Sprite width="16" height="16" tilesheet="stages\demo\tiles.png">
			<Hotspot x="0" y="0" />
			<Frame x="32" y="16" duration="0" />
		</Sprite>
	</Tile>
	<Tile id="14" name="" properties="block">
		<Sprite width="16" height="16" tilesheet="stages\demo\tiles.png">
			<Hotspot x="0" y="0" />
			<Frame x="48" y="16" duration="0" />
		</Sprite>
	</Tile>
	<Tile id="15" name="" properties="block">
		<Sprite width="16" height="16" tilesheet="stages\demo\tiles.png">
			<Hotspot x="0" y="0" />
			<Frame x="64" y="16" duration="0" />
		</Sprite>
	</Tile>
	<Tile id="16" name="" properties="block">
		<Sprite width="16" height="16" tilesheet="stages\demo\tiles.png">
			<Hotspot x="0" y="0" />
			<Frame x="80" y="16" duration="0" />
		</Sprite>
	</Tile>
	<Tile id="17" name="" properties="block">
		<Sprite width="16" height="16" tilesheet="stages\demo\tiles.png">
			<Hotspot x="0" y="0" />
			<Frame x="96" y="16" duration="0" />
		</Sprite>
	</Tile>
	<Tile id="18" name="" properties="block">
		<Sprite width="16" height="16" tilesheet="stages\demo\tiles.png">
			<Hotspot x="0" y="0" />
			<Frame x="112" y="16" duration="0" />
		</Sprite>
	</Tile>
	<Tile id="19" name="" properties="block">
		<Sprite width="16" height="16" tilesheet="stages\demo\tiles.png">
			<Hotspot x="0" y="0" />
			<Frame x="128" y="16" duration="0" />
		</Sprite>
	</Tile>
	<Tile id="20" name="" properties="block">
		<Sprite width="16" height="16" tilesheet="stages\demo\tiles.png">
			<Hotspot x="0" y="0" />
			<Frame x="144" y="16" duration="0" />
		</Sprite>
	</Tile>
	<Tile id="21" name="" properties="block">
		<Sprite width="16" height="16" tilesheet="stages\demo\tiles.png">
			<Hotspot x="0" y="0" />
			<Frame x="160" y="16" duration="0" />
		</Sprite>
	</Tile>
	<Tile id="22" name="" properties="Default">
		<Sprite width="16" height="16" tilesheet="stages\demo\tiles.png">
			<Hotspot x="0" y="0" />
			<Frame x="0" y="32" duration="0" />
		</Sprite>
	</Tile>
	<Tile id="23" name="" properties="Default">
		<Sprite width="16" height="16" tilesheet="stages\demo\tiles.png">
			<Hotspot x="0" y="0" />
			<Frame x="16" y="32" duration="0" />
		</Sprite>
	</Tile>
	<Tile id="24" name="" properties="Default">
		<Sprite width="16" height="16" tilesheet="stages\demo\tiles.png">
			<Hotspot x="0" y="0" />
			<Frame x="32" y="32" duration="0" />
		</Sprite>
	</Tile>
	<Tile id="25" name="" properties="Default">
		<Sprite width="16" height="16" tilesheet="stages\demo\tiles.png">
			<Hotspot x="0" y="0" />
			<Frame x="48" y="32" duration="0" />
		</Sprite>
	</Tile>
	<Tile id="26" name="" properties="Default">
		<Sprite width="16" height="16" tilesheet="stages\demo\tiles.png">
			<Hotspot x="0" y="0" />
			<Frame x="64" y="32" duration="0" />
		</Sprite>
	</Tile>
	<Tile id="27" name="" properties="Default">
		<Sprite width="16" height="16" tilesheet="stages\demo\tiles.png">
			<Hotspot x="0" y="0" />
			<Frame x="80" y="32" duration="0" />
		</Sprite>
	</Tile>
	<Tile id="28" name="" properties="Default">
		<Sprite width="16" height="16" tilesheet="stages\demo\tiles.png">
			<Hotspot x="0" y="0" />
			<Frame x="96" y="32" duration="0" />
		</Sprite>
	</Tile>
	<Tile id="29" name="" properties="Default">
		<Sprite width="16" height="16" tilesheet="stages\demo\tiles.png">
			<Hotspot x="0" y="0" />
			<Frame x="112" y="32" duration="0" />
		</Sprite>
	</Tile>
	<Tile id="30" name="" properties="Default">
		<Sprite width="16" height="16" tilesheet="stages\demo\tiles.png">
			<Hotspot x="0" y="0" />
			<Frame x="128" y="32" duration="0" />
		</Sprite>
	</Tile>
	<Tile id="31" name="" properties="Default">
		<Sprite width="16" height="16" tilesheet="stages\demo\tiles.png">
			<Hotspot x="0" y="0" />
			<Frame x="144" y="32" duration="0" />
		</Sprite>
	</Tile>
	<Tile id="32" name="" properties="Default">
		<Sprite width="16" height="16" tilesheet="stages\demo\tiles.png">
			<Hotspot x="0" y="0" />
			<Frame x="160" y="32" duration="0" />
		</Sprite>
	</Tile>
	<Tile id="33" name="" properties="Default">
		<Sprite width="16" height="16" tilesheet="stages\demo\tiles.png">
			<Hotspot x="0" y="0" />
			<Frame x="0" y="48" duration="0" />
		</Sprite>
	</Tile>
	<Tile id="34" name="" properties="Default">
		<Sprite width="16" height="16" tilesheet="stages\demo\tiles.png">
			<Hotspot x="0" y="0" />
			<Frame x="16" y="48" duration="0" />
		</Sprite>
	</Tile>
	<Tile id="35" name="" properties="Default">
		<Sprite width="16" height="16" tilesheet="stages\demo\tiles.png">
			<Hotspot x="0" y="0" />
			<Frame x="32" y="48" duration="0" />
		</Sprite>
	</Tile>
	<Tile id="36" name="" properties="Default">
		<Sprite width="16" height="16" tilesheet="stages\demo\tiles.png">
			<Hotspot x="0" y="0" />
			<Frame x="48" y="48" duration="0" />
		</Sprite>
	</Tile>
	<Tile id="37" name="" properties="Default">
		<Sprite width="16" height="16" tilesheet="stages\demo\tiles.png">
			<Hotspot x="0" y="0" />
			<Frame x="64" y="48" duration="0" />
		</Sprite>
	</Tile>
	<Tile id="38" name="" properties="Default">
		<Sprite width="16" height="16" tilesheet="stages\demo\tiles.png">
			<Hotspot x="0" y="0" />
			<Frame x="80" y="48" duration="0" />
		</Sprite>
	</Tile>
	<Tile id="39" name="" properties="block">
		<Sprite width="16" height="16" tilesheet="stages\demo\tiles.png">
			<Hotspot x="0" y="0" />
			<Frame x="96" y="48" duration="0" />
		</Sprite>
	</Tile>
	<Tile id="40" name="" properties="block">
		<Sprite width="16" height="16" tilesheet="stages\demo\tiles.png">
			<Hotspot x="0" y="0" />
			<Frame x="112" y="48" duration="0" />
		</Sprite>
	</Tile>
	<Tile id="41" name="" properties="block">
		<Sprite width="16" height="16" tilesheet="stages\demo\tiles.png">
			<Hotspot x="0" y="0" />
			<Frame x="128" y="48" duration="0" />
		</Sprite>
	</Tile>
	<Tile id="42" name="" properties="block">
		<Sprite width="16" height="16" tilesheet="stages\demo\tiles.png">
			<Hotspot x="0" y="0" />
			<Frame x="144" y="48" duration="0" />
		</Sprite>
	</Tile>
	<Tile id="43" name="" properties="block">
		<Sprite width="16" height="16" tilesheet="stages\demo\tiles.png">
			<Hotspot x="0" y="0" />
			<Frame x="160" y="48" duration="0" />
		</Sprite>
	</Tile>
	<Tile id="44" name="" properties="block">
		<Sprite width="16" height="16" tilesheet="stages\demo\tiles.png">
			<Hotspot x="0" y="0" />
			<Frame x="0" y="64" duration="0" />
		</Sprite>
	</Tile>
	<Tile id="45" name="" properties="block">
		<Sprite width="16" height="16" tilesheet="stages\demo\tiles.png">
			<Hotspot x="0" y="0" />
			<Frame x="16" y="64" duration="0" />
		</Sprite>
	</Tile>
	<Tile id="46" name="" properties="block">
		<Sprite width="16" height="16" tilesheet="stages\demo\tiles.png">
			<Hotspot x="0" y="0" />
			<Frame x="32" y="64" duration="0" />
		</Sprite>
	</Tile>
	<Tile id="47" name="" properties="ladder">
		<Sprite width="16" height="16" tilesheet="stages\demo\tiles.png">
			<Hotspot x="0" y="0" />
			<Frame x="48" y="64" duration="0" />
		</Sprite>
	</Tile>
	<Tile id="48" name="" properties="Default">
		<Sprite width="16" height="16" tilesheet="stages\demo\tiles.png">
			<Hotspot x="0" y="0" />
			<Frame x="64" y="64" duration="0" />
		</Sprite>
	</Tile>
	<Tile id="49" name="" properties="Default">
		<Sprite width="16" height="16" tilesheet="stages\demo\tiles.png">
			<Hotspot x="0" y="0" />
			<Frame x="80" y="64" duration="0" />
		</Sprite>
	</Tile>
	<Tile id="50" name="" properties="Default">
		<Sprite width="16" height="16" tilesheet="stages\demo\tiles.png">
			<Hotspot x="0" y="0" />
			<Frame x="96" y="64" duration="0" />
		</Sprite>
	</Tile>
	<Tile id="51" name="" properties="Default">
		<Sprite width="16" height="16" tilesheet="stages\demo\tiles.png">
			<Hotspot x="0" y="0" />
			<Frame x="112" y="64" duration="0" />
		</Sprite>
	</Tile>
	<Tile id="52" name="" properties="Default">
		<Sprite width="16" height="16" tilesheet="stages\demo\tiles.png">
			<Hotspot x="0" y="0" />
			<Frame x="128" y="64" duration="0" />
		</Sprite>
	</Tile>
	<Tile id="53" name="" properties="Default">
		<Sprite width="16" height="16" tilesheet="stages\demo\tiles.png">
			<Hotspot x="0" y="0" />
			<Frame x="144" y="64" duration="0" />
		</Sprite>
	</Tile>
	<Tile id="54" name="" properties="Default">
		<Sprite width="16" height="16" tilesheet="stages\demo\tiles.png">
			<Hotspot x="0" y="0" />
			<Frame x="160" y="64" duration="0" />
		</Sprite>
	</Tile>
	<Tile id="55" name="" properties="Default">
		<Sprite width="16" height="16" tilesheet="stages\demo\tiles.png">
			<Hotspot x="0" y="0" />
			<Frame x="0" y="80" duration="0" />
		</Sprite>
	</Tile>
	<Tile id="56" name="" properties="Default">
		<Sprite width="16" height="16" tilesheet="stages\demo\tiles.png">
			<Hotspot x="0" y="0" />
			<Frame x="16" y="80" duration="0" />
		</Sprite>
	</Tile>
	<Tile id="57" name="" properties="Default">
		<Sprite width="16" height="16" tilesheet="stages\demo\tiles.png">
			<Hotspot x="0" y="0" />
			<Frame x="32" y="80" duration="0" />
		</Sprite>
	</Tile>
	<Tile id="58" name="" properties="Default">
		<Sprite width="16" height="16" tilesheet="stages\demo\tiles.png">
			<Hotspot x="0" y="0" />
			<Frame x="48" y="80" duration="0" />
		</Sprite>
	</Tile>
	<Tile id="59" name="" properties="Default">
		<Sprite width="16" height="16" tilesheet="stages\demo\tiles.png">
			<Hotspot x="0" y="0" />
			<Frame x="64" y="80" duration="0" />
		</Sprite>
	</Tile>
	<Tile id="60" name="" properties="Default">
		<Sprite width="16" height="16" tilesheet="stages\demo\tiles.png">
			<Hotspot x="0" y="0" />
			<Frame x="80" y="80" duration="0" />
		</Sprite>
	</Tile>
	<Tile id="61" name="" properties="Default">
		<Sprite width="16" height="16" tilesheet="stages\demo\tiles.png">
			<Hotspot x="0" y="0" />
			<Frame x="96" y="80" duration="0" />
		</Sprite>
	</Tile>
	<Tile id="62" name="" properties="spikes">
		<Sprite width="16" height="16" tilesheet="stages\demo\tiles.png">
			<Hotspot x="0" y="0" />
			<Frame x="112" y="80" duration="0" />
		</Sprite>
	</Tile>
	<Tile id="63" name="" properties="Default">
		<Sprite width="16" height="16" tilesheet="stages\demo\tiles.png">
			<Hotspot x="0" y="0" />
			<Frame x="128" y="80" duration="0" />
		</Sprite>
	</Tile>
	<Tile id="64" name="" properties="Default">
		<Sprite width="16" height="16" tilesheet="stages\demo\tiles.png">
			<Hotspot x="0" y="0" />
			<Frame x="144" y="80" duration="0" />
		</Sprite>
	</Tile>
	<Tile id="65" name="" properties="Default">
		<Sprite width="16" height="16" tilesheet="stages\demo\tiles.png">
			<Hotspot x="0" y="0" />
			<Frame x="160" y="80" duration="0" />
		</Sprite>
	</Tile>
	<Tile id="66" name="" properties="Default">
		<Sprite width="16" height="16" tilesheet="stages\demo\tiles.png">
			<Hotspot x="0" y="0" />
			<Frame x="0" y="96" duration="0" />
		</Sprite>
	</Tile>
	<Tile id="67" name="" properties="Default">
		<Sprite width="16" height="16" tilesheet="stages\demo\tiles.png">
			<Hotspot x="0" y="0" />
			<Frame x="16" y="96" duration="0" />
		</Sprite>
	</Tile>
	<Tile id="68" name="" properties="Default">
		<Sprite width="16" height="16" tilesheet="stages\demo\tiles.png">
			<Hotspot x="0" y="0" />
			<Frame x="32" y="96" duration="0" />
		</Sprite>
	</Tile>
	<Tile id="69" name="" properties="Default">
		<Sprite width="16" height="16" tilesheet="stages\demo\tiles.png">
			<Hotspot x="0" y="0" />
			<Frame x="48" y="96" duration="0" />
		</Sprite>
	</Tile>
	<Tile id="70" name="" properties="Default">
		<Sprite width="16" height="16" tilesheet="stages\demo\tiles.png">
			<Hotspot x="0" y="0" />
			<Frame x="64" y="96" duration="0" />
		</Sprite>
	</Tile>
	<Tile id="71" name="" properties="Default">
		<Sprite width="16" height="16" tilesheet="stages\demo\tiles.png">
			<Hotspot x="0" y="0" />
			<Frame x="80" y="96" duration="0" />
		</Sprite>
	</Tile>
	<Tile id="72" name="" properties="Default">
		<Sprite width="16" height="16" tilesheet="stages\demo\tiles.png">
			<Hotspot x="0" y="0" />
			<Frame x="96" y="96" duration="0" />
		</Sprite>
	</Tile>
	<Tile id="73" name="" properties="Default">
		<Sprite width="16" height="16" tilesheet="stages\demo\tiles.png">
			<Hotspot x="0" y="0" />
			<Frame x="112" y="96" duration="0" />
		</Sprite>
	</Tile>
	<Tile id="74" name="" properties="block">
		<Sprite width="16" height="16" tilesheet="stages\demo\tiles.png">
			<Hotspot x="0" y="0" />
			<Frame x="128" y="96" duration="0" />
		</Sprite>
	</Tile>
	<Tile id="75" name="" properties="block">
		<Sprite width="16" height="16" tilesheet="stages\demo\tiles.png">
			<Hotspot x="0" y="0" />
			<Frame x="144" y="96" duration="0" />
		</Sprite>
	</Tile>
	<Tile id="76" name="" properties="block">
		<Sprite width="16" height="16" tilesheet="stages\demo\tiles.png">
			<Hotspot x="0" y="0" />
			<Frame x="160" y="96" duration="0" />
		</Sprite>
	</Tile>
	<Tile id="77" name="" properties="block">
		<Sprite width="16" height="16" tilesheet="stages\demo\tiles.png">
			<Hotspot x="0" y="0" />
			<Frame x="0" y="112" duration="0" />
		</Sprite>
	</Tile>
	<Tile id="78" name="" properties="block">
		<Sprite width="16" height="16" tilesheet="stages\demo\tiles.png">
			<Hotspot x="0" y="0" />
			<Frame x="16" y="112" duration="0" />
		</Sprite>
	</Tile>
	<Tile id="79" name="" properties="block">
		<Sprite width="16" height="16" tilesheet="stages\demo\tiles.png">
			<Hotspot x="0" y="0" />
			<Frame x="32" y="112" duration="0" />
		</Sprite>
	</Tile>
	<Tile id="80" name="" properties="block">
		<Sprite width="16" height="16" tilesheet="stages\demo\tiles.png">
			<Hotspot x="0" y="0" />
			<Frame x="48" y="112" duration="0" />
		</Sprite>
	</Tile>
	<Tile id="81" name="" properties="Default">
		<Sprite width="16" height="16" tilesheet="stages\demo\tiles.png">
			<Hotspot x="0" y="0" />
			<Frame x="64" y="112" duration="0" />
		</Sprite>
	</Tile>
	<Tile id="82" name="" properties="Default">
		<Sprite width="16" height="16" tilesheet="stages\demo\tiles.png">
			<Hotspot x="0" y="0" />
			<Frame x="80" y="112" duration="0" />
		</Sprite>
	</Tile>
	<Tile id="83" name="" properties="Default">
		<Sprite width="16" height="16" tilesheet="stages\demo\tiles.png">
			<Hotspot x="0" y="0" />
			<Frame x="96" y="112" duration="0" />
		</Sprite>
	</Tile>
	<Tile id="84" name="" properties="Default">
		<Sprite width="16" height="16" tilesheet="stages\demo\tiles.png">
			<Hotspot x="0" y="0" />
			<Frame x="112" y="112" duration="0" />
		</Sprite>
	</Tile>
	<Tile id="85" name="" properties="Default">
		<Sprite width="16" height="16" tilesheet="stages\demo\tiles.png">
			<Hotspot x="0" y="0" />
			<Frame x="128" y="112" duration="0" />
		</Sprite>
	</Tile>
	<Tile id="86" name="" properties="block">
		<Sprite width="16" height="16" tilesheet="stages\demo\tiles.png">
			<Hotspot x="0" y="0" />
			<Frame x="144" y="112" duration="0" />
		</Sprite>
	</Tile>
	<Tile id="87" name="" properties="block">
		<Sprite width="16" height="16" tilesheet="stages\demo\tiles.png">
			<Hotspot x="0" y="0" />
			<Frame x="160" y="112" duration="0" />
		</Sprite>
	</Tile>
	<Tile id="88" name="" properties="block">
		<Sprite width="16" height="16" tilesheet="stages\demo\tiles.png">
			<Hotspot x="0" y="0" />
			<Frame x="0" y="128" duration="0" />
		</Sprite>
	</Tile>
	<Tile id="89" name="" properties="water">
		<Sprite width="16" height="16" tilesheet="stages\demo\tiles.png">
			<Hotspot x="0" y="0" />
			<Frame x="16" y="128" duration="0" />
		</Sprite>
	</Tile>
	<Tile id="90" name="" properties="water">
		<Sprite width="16" height="16" tilesheet="stages\demo\tiles.png">
			<Hotspot x="0" y="0" />
			<Frame x="32" y="128" duration="0" />
		</Sprite>
	</Tile>
	<Tile id="91" name="" properties="water">
		<Sprite width="16" height="16" tilesheet="stages\demo\tiles.png">
			<Hotspot x="0" y="0" />
			<Frame x="48" y="128" duration="0" />
		</Sprite>
	</Tile>
	<Tile id="92" name="" properties="water">
		<Sprite width="16" height="16" tilesheet="stages\demo\tiles.png">
			<Hotspot x="0" y="0" />
			<Frame x="64" y="128" duration="0" />
		</Sprite>
	</Tile>
	<Tile id="93" name="" properties="conveyleft">
		<Sprite width="16" height="16" tilesheet="stages\demo\tiles.png">
			<Hotspot x="0" y="0" />
			<Frame x="80" y="128" duration="8" />
			<Frame x="96" y="128" duration="8" />
		</Sprite>
	</Tile>
	<Tile id="94" name="" properties="spikes">
		<Sprite width="16" height="16" tilesheet="stages\demo\tiles.png">
			<Hotspot x="0" y="0" />
			<Frame x="112" y="128" duration="0" />
		</Sprite>
	</Tile>
	<Tile id="95" name="" properties="Default">
		<Sprite width="16" height="16" tilesheet="stages\demo\tiles.png">
			<Hotspot x="0" y="0" />
			<Frame x="128" y="128" duration="0" />
		</Sprite>
	</Tile>
	<Tile id="96" name="" properties="Default">
		<Sprite width="16" height="16" tilesheet="stages\demo\tiles.png">
			<Hotspot x="0" y="0" />
			<Frame x="144" y="128" duration="0" />
		</Sprite>
	</Tile>
	<Tile id="97" name="" properties="Default">
		<Sprite width="16" height="16" tilesheet="stages\demo\tiles.png">
			<Hotspot x="0" y="0" />
			<Frame x="160" y="128" duration="0" />
		</Sprite>
	</Tile>
	<Tile id="98" name="" properties="Default">
		<Sprite width="16" height="16" tilesheet="stages\demo\tiles.png">
			<Hotspot x="0" y="0" />
			<Frame x="0" y="144" duration="0" />
		</Sprite>
	</Tile>
	<Tile id="99" name="" properties="Default">
		<Sprite width="16" height="16" tilesheet="stages\demo\tiles.png">
			<Hotspot x="0" y="0" />
			<Frame x="16" y="144" duration="0" />
		</Sprite>
	</Tile>
	<Tile id="100" name="" properties="Default">
		<Sprite width="16" height="16" tilesheet="stages\demo\tiles.png">
			<Hotspot x="0" y="0" />
			<Frame x="32" y="144" duration="0" />
		</Sprite>
	</Tile>
	<Tile id="101" name="" properties="Default">
		<Sprite width="16" height="16" tilesheet="stages\demo\tiles.png">
			<Hotspot x="0" y="0" />
			<Frame x="48" y="144" duration="0" />
		</Sprite>
	</Tile>
	<Tile id="102" name="" properties="Default">
		<Sprite width="16" height="16" tilesheet="stages\demo\tiles.png">
			<Hotspot x="0" y="0" />
			<Frame x="64" y="144" duration="0" />
		</Sprite>
	</Tile>
	<Tile id="103" name="" properties="Default">
		<Sprite width="16" height="16" tilesheet="stages\demo\tiles.png">
			<Hotspot x="0" y="0" />
			<Frame x="80" y="144" duration="0" />
		</Sprite>
	</Tile>
	<Tile id="104" name="" properties="Default">
		<Sprite width="16" height="16" tilesheet="stages\demo\tiles.png">
			<Hotspot x="0" y="0" />
			<Frame x="96" y="144" duration="0" />
		</Sprite>
	</Tile>
	<Tile id="105" name="" properties="Default">
		<Sprite width="16" height="16" tilesheet="stages\demo\tiles.png">
			<Hotspot x="0" y="0" />
			<Frame x="112" y="144" duration="0" />
		</Sprite>
	</Tile>
	<Tile id="106" name="" properties="Default">
		<Sprite width="16" height="16" tilesheet="stages\demo\tiles.png">
			<Hotspot x="0" y="0" />
			<Frame x="128" y="144" duration="0" />
		</Sprite>
	</Tile>
</Tileset>